condition,ring,staging,structure,scenario,atoms,n,failed,update_fps_mean,update_fps_sd,render_fps_mean,render_fps_sd,frame_ms_mean_mean,frame_ms_mean_sd,frame_ms_p95_mean,frame_ms_p95_sd,cpu_ms_mean,cpu_ms_sd,gpu_ms_mean,gpu_ms_sd,crd_send_ms_mean,crd_send_ms_sd,crd_send_p95_ms_mean,crd_send_p95_ms_sd,tex_upload_ms_mean,tex_upload_ms_sd,tex_upload_p95_ms_mean,tex_upload_p95_ms_sd,crd_minus_tex_ms_mean,crd_minus_tex_ms_sd,alloc_mb_per_frame_mean,alloc_mb_per_frame_sd,tex_bytes_per_frame_mean,tex_bytes_per_frame_sd,rss_mb_mean,rss_mb_sd
A,0,0,1crn,coord-morph,327,3,0,59.992335,0.004508,59.992335,0.004508,16.621389,0.002406,18.233333,0.057735,0.312963,0.012809,0.837636,0.00389,0.07835,0.003167,0.111041,0.004709,0.024716,0.000985,0.032667,0.001041,0.053634,0.002181,0,0.0,12288,0.0,256.764587,0.13344
B,1,0,1crn,coord-morph,327,3,0,60.101436,0.103431,60.101436,0.103431,16.618482,0.002549,18.133333,0.11547,0.309885,0.007032,0.838612,0.006674,0.080092,0.003461,0.114166,0.007291,0.023974,0.001005,0.03218,0.001205,0.056118,0.002468,0,0.0,12288,0.0,256.458752,0.241351
C,0,1,1crn,coord-morph,327,3,0,59.979674,0.00723,59.979674,0.00723,16.621944,0.002469,18.1,0.1,0.2875,0.007238,0.839863,0.00707,0.048426,0.001526,0.067097,0.00436,0.023894,0.000136,0.032333,0.001121,0.024532,0.001471,0,0.0,12288,0.0,250.555051,0.139344
D,1,1,1crn,coord-morph,327,3,0,59.986005,0.013521,59.986005,0.013521,16.619537,0.003428,18.233333,0.11547,0.289815,0.012448,0.843899,0.002035,0.053445,0.00183,0.078944,0.001284,0.023858,0.000352,0.030986,0.000788,0.029587,0.001496,0,0.0,12288,0.0,250.576896,0.584567
A,0,0,4hhb,coord-morph,4779,3,0,60.041885,0.100652,60.041885,0.100652,16.619426,0.000251,18.233333,0.152753,0.34931,0.005894,1.587236,0.014451,0.122621,0.002423,0.178361,0.005622,0.028114,0.000957,0.037667,0.001834,0.094508,0.002982,0,0.0,61440,0.0,288.636928,0.809144
B,1,0,4hhb,coord-morph,4779,3,0,60.039547,0.098061,60.039547,0.098061,16.619426,0.004191,18.166667,0.057735,0.349306,0.007504,1.589141,0.003746,0.122989,0.005079,0.172278,0.008226,0.026765,0.000833,0.035708,0.000439,0.096225,0.004787,0,0.0,61440,0.0,288.189099,0.180472
C,0,1,4hhb,coord-morph,4779,3,0,59.990002,0.005194,59.990002,0.005194,16.621019,0.002262,18.2,0.1,0.334259,0.006817,1.590882,0.005444,0.08208,0.001932,0.124597,0.005086,0.030678,0.000517,0.046319,0.003402,0.051402,0.001967,0,0.0,61440,0.0,273.771179,0.27724
D,1,1,4hhb,coord-morph,4779,3,0,60.046888,0.101138,60.046888,0.101138,16.619706,0.003382,18.133333,0.11547,0.313144,0.018835,1.590709,0.006563,0.074404,0.004045,0.100833,0.00407,0.028504,0.00123,0.038014,0.002856,0.0459,0.002901,0,0.0,61440,0.0,273.896789,0.226036
A,0,0,1aon,coord-morph,58870,3,0,59.985671,0.010687,59.985671,0.010687,16.6175,0.002736,18.266667,0.057735,0.793704,0.018495,4.203609,0.007886,0.536153,0.016942,0.735431,0.015095,0.087854,0.002122,0.110153,0.003864,0.448298,0.016313,0,0.0,712704,0.0,613.034667,0.774278
B,1,0,1aon,coord-morph,58870,3,0,59.989002,0.006081,59.989002,0.006081,16.619537,0.000321,18.3,0.0,0.808796,0.011325,4.206102,0.000574,0.545604,0.007145,0.749889,0.007425,0.088061,0.002061,0.114153,0.004514,0.457543,0.005086,0,0.0,712704,0.0,610.735445,3.666223
C,0,1,1aon,coord-morph,58870,3,0,59.990668,0.002516,59.990668,0.002516,16.61963,0.004862,18.3,0.1,0.620556,0.007698,4.206805,0.004201,0.364872,0.004816,0.509292,0.006265,0.10326,0.001048,0.124819,0.004271,0.261612,0.005162,0,0.0,712704,0.0,547.138219,0.928892
D,1,1,1aon,coord-morph,58870,3,0,59.990002,0.004581,59.990002,0.004581,16.619167,0.003919,18.3,0.1,0.620926,0.024674,4.193933,0.01996,0.366437,0.015024,0.512194,0.009188,0.10297,0.003773,0.129417,0.008968,0.263468,0.011297,0,0.0,712704,0.0,547.094528,1.058893
A,0,0,4v6x,coord-morph,237685,3,0,60.043537,0.086009,60.043537,0.086009,16.619704,0.000305,18.266667,0.057735,1.527997,0.030692,8.213157,0.4572,1.353452,0.023893,1.675028,0.016354,0.161641,0.008741,0.234764,0.004266,1.191811,0.016707,0,0.0,2863104,0.0,1402.426709,35.726124
B,1,0,4v6x,coord-morph,237685,3,0,59.989336,0.005031,59.989336,0.005031,16.619352,0.002362,18.233333,0.208167,1.555185,0.018481,8.239404,0.356263,1.374608,0.012882,1.675611,0.008122,0.16145,0.005555,0.235527,0.0039,1.213158,0.00744,0,0.0,2863104,0.0,1422.589952,34.230136
C,0,1,4v6x,coord-morph,237685,3,0,59.990335,0.006348,59.990335,0.006348,16.616574,0.002362,18.333333,0.057735,1.028611,0.013064,8.084941,0.615341,0.844832,0.009023,1.005222,0.017995,0.199627,0.000596,0.256208,0.004346,0.645206,0.008953,0,0.0,2863104,0.0,1379.865941,1.372773
D,1,1,4v6x,coord-morph,237685,3,0,60.032874,0.093025,60.032874,0.093025,16.623127,0.002435,18.233333,0.057735,1.024786,0.007632,8.41731,0.053479,0.836338,0.010895,0.988695,0.00377,0.200744,0.003761,0.252791,0.004164,0.635593,0.011418,0,0.0,2863104,0.0,1379.707563,1.923661
A,0,0,3j3q,coord-morph,2440800,3,0,36.98464,0.248953,36.98464,0.248953,26.930904,0.187851,31.466667,0.550757,24.108065,0.179793,24.168516,0.280746,23.88789,0.207324,26.777375,0.263749,18.901279,0.211418,21.804111,0.251864,4.986611,0.018355,0,0.0,29294592,0.0,4677.009408,440.787661
B,1,0,3j3q,coord-morph,2440800,3,0,55.165186,0.136763,55.165186,0.136763,18.076745,0.025944,28.6,0.7,11.905856,0.150187,20.867984,0.081182,11.680256,0.148746,16.387625,0.235483,6.558968,0.107578,10.585306,0.258282,5.121287,0.069249,0,0.0,29294592,0.0,4068.289195,938.26883
C,0,1,3j3q,coord-morph,2440800,3,0,39.031661,0.106919,39.031661,0.106919,25.5288,0.084755,27.433333,0.152752,23.458554,0.059565,23.588392,0.09375,23.364953,0.061539,25.127652,0.024222,21.367862,0.058923,23.121264,0.078242,1.997091,0.007008,0,0.0,29294592,0.0,4862.803968,330.768907
D,1,1,3j3q,coord-morph,2440800,3,0,57.941427,0.305714,57.941427,0.305714,17.221328,0.084876,20.766667,0.251661,8.828789,0.248075,20.479127,0.100737,8.700133,0.244582,16.177222,1.381993,6.55065,0.211536,13.631333,1.354194,2.149483,0.036325,0,0.0,29294592,0.0,4225.952427,194.176078
A,0,0,4v6x,idle,237685,3,0,0,0.0,59.982006,0.003966,16.596111,0.001339,18.1,0.2,0.039028,0.004215,0,0.0,,,,,,,,,,,0,0.0,0,0.0,540.306091,0.890834
B,1,0,4v6x,idle,237685,3,0,0,0.0,60.063825,0.151114,16.598611,0.001878,18.0,0.3,0.0387,0.002576,0,0.0,,,,,,,,,,,0,0.0,0,0.0,539.727189,0.236483
C,0,1,4v6x,idle,237685,3,0,0,0.0,59.981007,0.009981,16.599722,0.003236,18.166667,0.152753,0.040139,0.003182,0,0.0,,,,,,,,,,,0,0.0,0,0.0,537.214976,0.55898
D,1,1,4v6x,idle,237685,3,0,0,0.0,59.980508,0.011706,16.596806,0.000241,18.1,0.1,0.040278,0.002406,0,0.0,,,,,,,,,,,0,0.0,0,0.0,537.460736,0.368913
A,0,0,1crn,static-orbit,327,3,0,0,0.0,59.989336,0.006656,16.621019,0.002245,18.2,0.1,0.293796,0.023244,0.840073,0.003006,,,,,,,,,,,0,0.0,0,0.0,225.77152,0.173392
B,1,0,1crn,static-orbit,327,3,0,0,0.0,60.046218,0.099101,16.619889,0.000147,18.1,0.1,0.289467,0.015246,0.839166,0.003746,,,,,,,,,,,0,0.0,0,0.0,225.957205,0.29778
C,0,1,1crn,static-orbit,327,3,0,0,0.0,59.989335,0.003213,16.621481,0.001786,18.033333,0.152753,0.278981,0.015854,0.844286,0.00578,,,,,,,,,,,0,0.0,0,0.0,225.847979,0.421338
D,1,1,1crn,static-orbit,327,3,0,0,0.0,59.987003,0.00608,16.621019,0.00249,18.3,0.1,0.278148,0.008648,0.840174,0.006173,,,,,,,,,,,0,0.0,0,0.0,225.918976,0.161364
A,0,0,4hhb,static-orbit,4779,3,0,0,0.0,60.095095,0.104026,16.619593,0.001528,18.033333,0.152753,0.294998,0.027119,1.600002,0.005803,,,,,,,,,,,0,0.0,0,0.0,232.117589,0.510101
B,1,0,4hhb,static-orbit,4779,3,0,0,0.0,60.043208,0.090424,16.622664,0.002419,18.366667,0.11547,0.29673,0.030602,1.599051,0.004645,,,,,,,,,,,0,0.0,0,0.0,232.194048,0.049152
C,0,1,4hhb,static-orbit,4779,3,0,0,0.0,60.04188,0.096786,16.619243,0.00108,18.266667,0.057735,0.281131,0.003712,1.604079,0.004194,,,,,,,,,,,0,0.0,0,0.0,232.297813,0.239864
D,1,1,4hhb,static-orbit,4779,3,0,0,0.0,60.157309,0.005521,16.619114,0.001108,18.2,0.0,0.298061,0.019313,1.590796,0.008301,,,,,,,,,,,0,0.0,0,0.0,232.150357,0.050054
A,0,0,1aon,static-orbit,58870,3,0,0,0.0,59.988669,0.006804,16.619907,0.00016,18.3,0.1,0.320648,0.004412,4.180698,0.11949,,,,,,,,,,,0,0.0,0,0.0,311.738368,0.134109
B,1,0,1aon,static-orbit,58870,3,0,0,0.0,60.037536,0.087526,16.619704,0.00028,18.233333,0.057735,0.304937,0.084293,4.253119,0.007816,,,,,,,,,,,0,0.0,0,0.0,311.558144,0.497221
C,0,1,1aon,static-orbit,58870,3,0,0,0.0,60.049887,0.098529,16.62026,0.001707,18.166667,0.152753,0.313865,0.010378,4.248476,0.006472,,,,,,,,,,,0,0.0,0,0.0,311.055701,0.417497
D,1,1,1aon,static-orbit,58870,3,0,0,0.0,59.980674,0.00986,16.620185,0.000424,18.166667,0.057735,0.305,0.006353,4.258607,0.004607,,,,,,,,,,,0,0.0,0,0.0,310.984704,0.547579
A,0,0,4v6x,static-orbit,237685,3,0,0,0.0,59.987004,0.012282,16.618981,0.001764,18.266667,0.152752,0.330833,0.029507,8.267898,0.367067,,,,,,,,,,,0,0.0,0,0.0,541.300053,0.991785
B,1,0,4v6x,static-orbit,237685,3,0,0,0.0,59.982672,0.006106,16.620093,0.003892,18.233333,0.11547,0.31787,0.023085,8.412648,0.05347,,,,,,,,,,,0,0.0,0,0.0,540.955989,0.066215
C,0,1,4v6x,static-orbit,237685,3,0,0,0.0,60.0392,0.084351,16.61813,0.002476,18.3,0.1,0.306671,0.012908,8.419382,0.002688,,,,,,,,,,,0,0.0,0,0.0,538.700459,0.822688
D,1,1,4v6x,static-orbit,237685,3,0,0,0.0,60.042887,0.102865,16.619519,0.000448,18.366667,0.057735,0.345959,0.018244,8.465602,0.037371,,,,,,,,,,,0,0.0,0,0.0,538.13248,0.547579
A,0,0,3j3q,static-orbit,2440800,3,0,0,0.0,59.985603,0.001587,16.639889,0.001512,17.9,0.264575,0.107722,0.120895,17.34124,0.079789,,,,,,,,,,,0,0.0,0,0.0,3261.688491,1.221057
B,1,0,3j3q,static-orbit,2440800,3,0,0,0.0,60.017329,0.058593,16.638313,0.001066,18.166667,0.23094,0.179874,0.132199,17.278708,0.047535,,,,,,,,,,,0,0.0,0,0.0,3261.246123,0.411996
C,0,1,3j3q,static-orbit,2440800,3,0,0,0.0,59.987603,0.006821,16.637722,0.002474,17.766667,0.057735,0.029667,0.005659,17.225962,0.035489,,,,,,,,,,,0,0.0,0,0.0,3261.988864,0.478514
D,1,1,3j3q,static-orbit,2440800,3,0,0,0.0,59.993401,0.003599,16.6385,0.002048,17.966667,0.321455,0.113889,0.079856,17.345719,0.041647,,,,,,,,,,,0,0.0,0,0.0,3261.699413,0.959036
